{"cameraMode":{"drawMode":0,"name":"Shaded","section":"Shading Mode"},"sceneLighting":false,"audioPlay":false,"sceneViewState":{"m_AlwaysRefresh":false,"showFog":true,"showSkybox":false,"showFlares":true,"showImageEffects":true,"showParticleSystems":true,"showVisualEffectGraphs":true,"m_FxEnabled":true},"in2DMode":false,"pivot":{"x":-0.0003906041383743286,"y":0.9399999976158142,"z":-9.76771068572998},"rotation":{"x":-0.11880487203598023,"y":0.6647287607192993,"z":-0.10822999477386475,"w":-0.7296121120452881},"size":1.0542184114456177,"orthographic":false}