{"cameraMode":{"drawMode":0,"name":"Shaded","section":"Shading Mode"},"sceneLighting":true,"audioPlay":false,"sceneViewState":{"m_AlwaysRefresh":false,"showFog":true,"showSkybox":true,"showFlares":true,"showImageEffects":true,"showParticleSystems":true,"showVisualEffectGraphs":true,"m_FxEnabled":true},"in2DMode":false,"pivot":{"x":-0.0003906041383743286,"y":0.9399999976158142,"z":-9.76771068572998},"rotation":{"x":-0.3504408299922943,"y":-0.07994230091571808,"z":0.030038218945264818,"w":-0.9326961636543274},"size":2.6568851470947267,"orthographic":false}